<?xml version="1.0" encoding="utf-8"?>
<!--EXPORTED BY TOOL, DON'T MODIFY IT!-->
<!--Source File: demo_running.xml-->
<behavior name="demo_running" agenttype="CBTPlayer" version="5">
  <node class="DecoratorLoop" id="0">
    <property Count="const int 3" />
    <property DecorateWhenChildEnds="true" />
    <property DoneWithinFrame="false" />
    <node class="Sequence" id="1">
      <node class="Condition" id="2">
        <property Operator="Equal" />
        <property Opl="Self.CBTPlayer::Condition()" />
        <property Opr="const bool true" />
      </node>
      <node class="Action" id="3">
        <property Method="Self.CBTPlayer::Action1()" />
        <property ResultOption="BT_INVALID" />
      </node>
      <node class="Action" id="4">
        <property Method="Self.CBTPlayer::Action3()" />
        <property ResultOption="BT_INVALID" />
      </node>
    </node>
  </node>
</behavior>