﻿<?xml version="1.0" encoding="utf-8"?>
<Behavior Version="5">
  <Node Class="Behaviac.Design.Nodes.Behavior" AgentType="AgentNodeTest" Domains="" Enable="true" HasOwnPrefabData="false" Id="-1" PrefabName="" PrefabNodeId="-1">
    <Comment Background="NoColor" Text="" />
    <DescriptorRefs value="0:" />
    <Connector Identifier="GenericChildren">
      <Node Class="PluginBehaviac.Nodes.Selector" Enable="true" HasOwnPrefabData="false" Id="0" PrefabName="" PrefabNodeId="-1">
        <Comment Background="NoColor" Text="" />
        <Connector Identifier="GenericChildren">
          <Node Class="PluginBehaviac.Nodes.Sequence" Enable="true" HasOwnPrefabData="false" Id="4" PrefabName="" PrefabNodeId="-1">
            <Comment Background="NoColor" Text="" />
            <Connector Identifier="GenericChildren">
              <Node Class="PluginBehaviac.Nodes.Condition" Enable="true" HasOwnPrefabData="false" Id="5" Operator="Equal" Opl="EnumTest Self.AgentNodeTest::testColor" Opr="const EnumTest EnumTest_One" PrefabName="" PrefabNodeId="-1">
                <Comment Background="NoColor" Text="" />
              </Node>
              <Node Class="PluginBehaviac.Nodes.Action" Enable="true" HasOwnPrefabData="false" Id="1" Method="Self.AgentNodeTest::setTestVar_0(0)" PrefabName="" PrefabNodeId="-1" ResultFunctor="&quot;&quot;" ResultOption="BT_SUCCESS">
                <Comment Background="NoColor" Text="" />
              </Node>
            </Connector>
          </Node>
          <Node Class="PluginBehaviac.Nodes.Sequence" Enable="true" HasOwnPrefabData="false" Id="6" PrefabName="" PrefabNodeId="-1">
            <Comment Background="NoColor" Text="" />
            <Connector Identifier="GenericChildren">
              <Node Class="PluginBehaviac.Nodes.Condition" Enable="true" HasOwnPrefabData="false" Id="7" Operator="Equal" Opl="EnumTest Self.AgentNodeTest::testColor" Opr="const EnumTest EnumTest_OneAfterOne" PrefabName="" PrefabNodeId="-1">
                <Comment Background="NoColor" Text="" />
              </Node>
              <Node Class="PluginBehaviac.Nodes.Action" Enable="true" HasOwnPrefabData="false" Id="8" Method="Self.AgentNodeTest::setTestVar_0(1)" PrefabName="" PrefabNodeId="-1" ResultFunctor="&quot;&quot;" ResultOption="BT_SUCCESS">
                <Comment Background="NoColor" Text="" />
              </Node>
            </Connector>
          </Node>
          <Node Class="PluginBehaviac.Nodes.Action" Enable="true" HasOwnPrefabData="false" Id="3" Method="Self.AgentNodeTest::setTestVar_0(2)" PrefabName="" PrefabNodeId="-1" ResultFunctor="&quot;&quot;" ResultOption="BT_SUCCESS">
            <Comment Background="NoColor" Text="" />
          </Node>
        </Connector>
      </Node>
    </Connector>
  </Node>
</Behavior>